yyyymm,currency,unit_per_usd,usd_per_unit,mop_per_unit,unit_per_mop
202505,HKD,7.76672174,0.12875445,1.03000000,0.97087379
202505,MOP,7.99972339,0.12500432,11.0992,12.01001
